{
    "appointments": [
        {
            "date_time": "2023-04-27T10:00:00",
            "is_free": true,
            "name": null
        },
        {
            "date_time": "2023-04-27T11:00:00",
            "is_free": true,
            "name": null
        },
        {
            "date_time": "2023-04-27T12:00:00",
            "is_free": true,
            "name": null
        },
        {
            "date_time": "2023-04-27T13:00:00",
            "is_free": true,
            "name": null
        },
        {
            "date_time": "2023-04-27T14:00:00",
            "is_free": true,
            "name": null
        },
        {
            "date_time": "2023-04-28T10:00:00",
            "is_free": true,
            "name": null
        },
        {
            "date_time": "2023-04-28T11:00:00",
            "is_free": true,
            "name": null
        },
        {
            "date_time": "2023-04-28T12:00:00",
            "is_free": true,
            "name": null
        },
        {
            "date_time": "2023-04-28T13:00:00",
            "is_free": true,
            "name": null
        },
        {
            "date_time": "2023-04-28T14:00:00",
            "is_free": true,
            "name": null
        },
        {
            "date_time": "2023-05-01T10:00:00",
            "is_free": true,
            "name": null
        },
        {
            "date_time": "2023-05-01T11:00:00",
            "is_free": true,
            "name": null
        },
        {
            "date_time": "2023-05-01T12:00:00",
            "is_free": true,
            "name": null
        },
        {
            "date_time": "2023-05-01T13:00:00",
            "is_free": true,
            "name": null
        },
        {
            "date_time": "2023-05-01T14:00:00",
            "is_free": true,
            "name": null
        },
        {
            "date_time": "2023-05-02T10:00:00",
            "is_free": true,
            "name": null
        },
        {
            "date_time": "2023-05-02T11:00:00",
            "is_free": true,
            "name": null
        },
        {
            "date_time": "2023-05-02T12:00:00",
            "is_free": true,
            "name": null
        },
        {
            "date_time": "2023-05-02T13:00:00",
            "is_free": true,
            "name": null
        },
        {
            "date_time": "2023-05-02T14:00:00",
            "is_free": true,
            "name": null
        },
        {
            "date_time": "2023-05-03T10:00:00",
            "is_free": true,
            "name": null
        },
        {
            "date_time": "2023-05-03T11:00:00",
            "is_free": false,
            "name": "shermy01"
        },
        {
            "date_time": "2023-05-03T12:00:00",
            "is_free": true,
            "name": null
        },
        {
            "date_time": "2023-05-03T13:00:00",
            "is_free": true,
            "name": null
        },
        {
            "date_time": "2023-05-03T14:00:00",
            "is_free": true,
            "name": null
        },
        {
            "date_time": "2023-05-04T10:00:00",
            "is_free": true,
            "name": null
        },
        {
            "date_time": "2023-05-04T11:00:00",
            "is_free": false,
            "name": "shermy01"
        },
        {
            "date_time": "2023-05-04T12:00:00",
            "is_free": true,
            "name": null
        },
        {
            "date_time": "2023-05-04T13:00:00",
            "is_free": true,
            "name": null
        },
        {
            "date_time": "2023-05-04T14:00:00",
            "is_free": true,
            "name": null
        },
        {
            "date_time": "2023-05-05T10:00:00",
            "is_free": true,
            "name": null
        },
        {
            "date_time": "2023-05-05T11:00:00",
            "is_free": true,
            "name": null
        },
        {
            "date_time": "2023-05-05T12:00:00",
            "is_free": true,
            "name": null
        },
        {
            "date_time": "2023-05-05T13:00:00",
            "is_free": true,
            "name": null
        },
        {
            "date_time": "2023-05-05T14:00:00",
            "is_free": true,
            "name": null
        },
        {
            "date_time": "2023-05-08T10:00:00",
            "is_free": true,
            "name": null
        },
        {
            "date_time": "2023-05-08T11:00:00",
            "is_free": true,
            "name": null
        },
        {
            "date_time": "2023-05-08T12:00:00",
            "is_free": true,
            "name": null
        },
        {
            "date_time": "2023-05-08T13:00:00",
            "is_free": true,
            "name": null
        },
        {
            "date_time": "2023-05-08T14:00:00",
            "is_free": true,
            "name": null
        },
        {
            "date_time": "2023-05-09T10:00:00",
            "is_free": true,
            "name": null
        },
        {
            "date_time": "2023-05-09T11:00:00",
            "is_free": false,
            "name": "shermy01"
        },
        {
            "date_time": "2023-05-09T12:00:00",
            "is_free": true,
            "name": null
        },
        {
            "date_time": "2023-05-09T13:00:00",
            "is_free": true,
            "name": null
        },
        {
            "date_time": "2023-05-09T14:00:00",
            "is_free": true,
            "name": null
        },
        {
            "date_time": "2023-05-10T10:00:00",
            "is_free": true,
            "name": null
        },
        {
            "date_time": "2023-05-10T11:00:00",
            "is_free": true,
            "name": null
        },
        {
            "date_time": "2023-05-10T12:00:00",
            "is_free": true,
            "name": null
        },
        {
            "date_time": "2023-05-10T13:00:00",
            "is_free": true,
            "name": null
        },
        {
            "date_time": "2023-05-10T14:00:00",
            "is_free": true,
            "name": null
        },
        {
            "date_time": "2023-05-11T10:00:00",
            "is_free": true,
            "name": null
        },
        {
            "date_time": "2023-05-11T11:00:00",
            "is_free": true,
            "name": null
        },
        {
            "date_time": "2023-05-11T12:00:00",
            "is_free": true,
            "name": null
        },
        {
            "date_time": "2023-05-11T13:00:00",
            "is_free": true,
            "name": null
        },
        {
            "date_time": "2023-05-11T14:00:00",
            "is_free": true,
            "name": null
        }
    ]
}